[
  {
    "Field": "id",
    "Type": "char(36)",
    "Null": "NO",
    "Key": "PRI",
    "Default": null,
    "Extra": ""
  },
  {
    "Field": "employee_id",
    "Type": "char(36)",
    "Null": "NO",
    "Key": "MUL",
    "Default": null,
    "Extra": ""
  },
  {
    "Field": "leave_type_id",
    "Type": "char(36)",
    "Null": "NO",
    "Key": "MUL",
    "Default": null,
    "Extra": ""
  },
  {
    "Field": "year",
    "Type": "int(11)",
    "Null": "NO",
    "Key": "",
    "Default": null,
    "Extra": ""
  },
  {
    "Field": "entitled_days",
    "Type": "decimal(5,2)",
    "Null": "YES",
    "Key": "",
    "Default": null,
    "Extra": ""
  },
  {
    "Field": "taken_days",
    "Type": "decimal(5,2)",
    "Null": "YES",
    "Key": "",
    "Default": "0.00",
    "Extra": ""
  },
  {
    "Field": "pending_days",
    "Type": "decimal(5,2)",
    "Null": "YES",
    "Key": "",
    "Default": "0.00",
    "Extra": ""
  },
  {
    "Field": "carried_forward",
    "Type": "decimal(5,2)",
    "Null": "YES",
    "Key": "",
    "Default": "0.00",
    "Extra": ""
  }
]