[
  {
    "Field": "id",
    "Type": "char(36)",
    "Null": "NO",
    "Key": "PRI",
    "Default": null,
    "Extra": ""
  },
  {
    "Field": "full_name",
    "Type": "varchar(100)",
    "Null": "NO",
    "Key": "",
    "Default": null,
    "Extra": ""
  },
  {
    "Field": "role",
    "Type": "varchar(50)",
    "Null": "NO",
    "Key": "",
    "Default": null,
    "Extra": ""
  },
  {
    "Field": "pin_hash",
    "Type": "varchar(255)",
    "Null": "YES",
    "Key": "",
    "Default": null,
    "Extra": ""
  },
  {
    "Field": "basic_salary",
    "Type": "decimal(10,2)",
    "Null": "YES",
    "Key": "",
    "Default": null,
    "Extra": ""
  },
  {
    "Field": "fixed_allowances",
    "Type": "decimal(10,2)",
    "Null": "YES",
    "Key": "",
    "Default": null,
    "Extra": ""
  },
  {
    "Field": "joined_date",
    "Type": "date",
    "Null": "YES",
    "Key": "",
    "Default": null,
    "Extra": ""
  },
  {
    "Field": "is_active",
    "Type": "tinyint(1)",
    "Null": "YES",
    "Key": "",
    "Default": "1",
    "Extra": ""
  },
  {
    "Field": "employee_number",
    "Type": "varchar(20)",
    "Null": "YES",
    "Key": "UNI",
    "Default": null,
    "Extra": ""
  },
  {
    "Field": "name_with_initials",
    "Type": "varchar(100)",
    "Null": "YES",
    "Key": "",
    "Default": null,
    "Extra": ""
  },
  {
    "Field": "nic_number",
    "Type": "varchar(15)",
    "Null": "YES",
    "Key": "UNI",
    "Default": null,
    "Extra": ""
  },
  {
    "Field": "date_of_birth",
    "Type": "date",
    "Null": "YES",
    "Key": "",
    "Default": null,
    "Extra": ""
  },
  {
    "Field": "gender",
    "Type": "enum('male','female','other')",
    "Null": "YES",
    "Key": "",
    "Default": null,
    "Extra": ""
  },
  {
    "Field": "marital_status",
    "Type": "enum('single','married','divorced','widowed')",
    "Null": "YES",
    "Key": "",
    "Default": null,
    "Extra": ""
  },
  {
    "Field": "address_line1",
    "Type": "varchar(255)",
    "Null": "YES",
    "Key": "",
    "Default": null,
    "Extra": ""
  },
  {
    "Field": "address_line2",
    "Type": "varchar(255)",
    "Null": "YES",
    "Key": "",
    "Default": null,
    "Extra": ""
  },
  {
    "Field": "city",
    "Type": "varchar(100)",
    "Null": "YES",
    "Key": "",
    "Default": null,
    "Extra": ""
  },
  {
    "Field": "district",
    "Type": "varchar(100)",
    "Null": "YES",
    "Key": "",
    "Default": null,
    "Extra": ""
  },
  {
    "Field": "postal_code",
    "Type": "varchar(10)",
    "Null": "YES",
    "Key": "",
    "Default": null,
    "Extra": ""
  },
  {
    "Field": "phone_mobile",
    "Type": "varchar(20)",
    "Null": "YES",
    "Key": "",
    "Default": null,
    "Extra": ""
  },
  {
    "Field": "phone_home",
    "Type": "varchar(20)",
    "Null": "YES",
    "Key": "",
    "Default": null,
    "Extra": ""
  },
  {
    "Field": "email",
    "Type": "varchar(100)",
    "Null": "YES",
    "Key": "",
    "Default": null,
    "Extra": ""
  },
  {
    "Field": "emergency_contact_name",
    "Type": "varchar(100)",
    "Null": "YES",
    "Key": "",
    "Default": null,
    "Extra": ""
  },
  {
    "Field": "emergency_contact_phone",
    "Type": "varchar(20)",
    "Null": "YES",
    "Key": "",
    "Default": null,
    "Extra": ""
  },
  {
    "Field": "emergency_contact_relation",
    "Type": "varchar(50)",
    "Null": "YES",
    "Key": "",
    "Default": null,
    "Extra": ""
  },
  {
    "Field": "department",
    "Type": "enum('retail','solar','repair','admin','hr','accounts')",
    "Null": "YES",
    "Key": "",
    "Default": null,
    "Extra": ""
  },
  {
    "Field": "designation",
    "Type": "varchar(100)",
    "Null": "YES",
    "Key": "",
    "Default": null,
    "Extra": ""
  },
  {
    "Field": "employment_type",
    "Type": "enum('permanent','contract','probation','intern')",
    "Null": "YES",
    "Key": "",
    "Default": null,
    "Extra": ""
  },
  {
    "Field": "confirmation_date",
    "Type": "date",
    "Null": "YES",
    "Key": "",
    "Default": null,
    "Extra": ""
  },
  {
    "Field": "resignation_date",
    "Type": "date",
    "Null": "YES",
    "Key": "",
    "Default": null,
    "Extra": ""
  },
  {
    "Field": "bank_name",
    "Type": "varchar(100)",
    "Null": "YES",
    "Key": "",
    "Default": null,
    "Extra": ""
  },
  {
    "Field": "bank_branch",
    "Type": "varchar(100)",
    "Null": "YES",
    "Key": "",
    "Default": null,
    "Extra": ""
  },
  {
    "Field": "bank_account_number",
    "Type": "varchar(50)",
    "Null": "YES",
    "Key": "",
    "Default": null,
    "Extra": ""
  },
  {
    "Field": "bank_account_name",
    "Type": "varchar(100)",
    "Null": "YES",
    "Key": "",
    "Default": null,
    "Extra": ""
  },
  {
    "Field": "epf_number",
    "Type": "varchar(20)",
    "Null": "YES",
    "Key": "",
    "Default": null,
    "Extra": ""
  },
  {
    "Field": "status",
    "Type": "enum('active','inactive','terminated','resigned')",
    "Null": "YES",
    "Key": "",
    "Default": "active",
    "Extra": ""
  }
]