[
  {
    "Field": "id",
    "Type": "char(36)",
    "Null": "NO",
    "Key": "PRI",
    "Default": null,
    "Extra": ""
  },
  {
    "Field": "username",
    "Type": "varchar(50)",
    "Null": "NO",
    "Key": "UNI",
    "Default": null,
    "Extra": ""
  },
  {
    "Field": "password_hash",
    "Type": "varchar(255)",
    "Null": "NO",
    "Key": "",
    "Default": null,
    "Extra": ""
  },
  {
    "Field": "full_name",
    "Type": "varchar(100)",
    "Null": "NO",
    "Key": "",
    "Default": null,
    "Extra": ""
  },
  {
    "Field": "email",
    "Type": "varchar(100)",
    "Null": "YES",
    "Key": "",
    "Default": null,
    "Extra": ""
  },
  {
    "Field": "role",
    "Type": "enum('super_user','admin','manager','cashier','technician','hr_staff','accountant','ecommerce_admin','repair_admin')",
    "Null": "NO",
    "Key": "MUL",
    "Default": null,
    "Extra": ""
  },
  {
    "Field": "is_active",
    "Type": "tinyint(1)",
    "Null": "YES",
    "Key": "",
    "Default": "1",
    "Extra": ""
  },
  {
    "Field": "created_at",
    "Type": "timestamp",
    "Null": "NO",
    "Key": "",
    "Default": "current_timestamp()",
    "Extra": ""
  },
  {
    "Field": "created_by",
    "Type": "char(36)",
    "Null": "YES",
    "Key": "",
    "Default": null,
    "Extra": ""
  },
  {
    "Field": "last_login",
    "Type": "timestamp",
    "Null": "YES",
    "Key": "",
    "Default": null,
    "Extra": ""
  },
  {
    "Field": "employee_id",
    "Type": "char(36)",
    "Null": "YES",
    "Key": "MUL",
    "Default": null,
    "Extra": ""
  }
]